{"Edges": [{"src": 2, "w": 1.1, "dest": 3}], "Nodes": [{"pos": "35.22519754496216,32.1247804478367,0.0", "id": 0}, {"pos": "35.96175427794143,32.329813163806215,0.0", "id": 2}, {"pos": "35.591666797493126,32.62234682028897,0.0", "id": 3}]}